client_identifier,email,country,bitcoin_address,credit_card_type
36,dbuckthorpz@tmall.com,Netherlands,15X53Z9B9jUNrvFpbr7D554uSc5RL7Pnkg,diners-club-international
62,bbarham1p@wisc.edu,Netherlands,16qpYVt6YAAx4JYjzbA8SwTUHoTyB4twRF,jcb
105,linfante2w@telegraph.co.uk,Netherlands,13j6FKzrLgumLUqeYH4baeY5qZgiwGW5UC,jcb
108,rpartkya2z@cdc.gov,Netherlands,1RcsodKknm8thkCL6F4Vcmo7f4A7r6ydj,maestro
109,mdory30@uiuc.edu,Netherlands,1HxV2jkyM3PXbsH4qGsVX3hwcAb4SMi4AD,jcb
110,rswindle31@tmall.com,Netherlands,15cRJ4mzZd4Vgd33xbVjEtYw9c6f1WfGkC,china-unionpay
124,wdarco3f@geocities.com,Netherlands,1CB7AdhTFBXmxuABm58yKmCmsvVqDjT9P1,maestro
128,vnapthine3j@ning.com,Netherlands,16DbYq1KR8DVSQu5E9WU9ohuofBm5AHB2Q,diners-club-enroute
165,hheinecke4k@altervista.org,Netherlands,1KgbP1KXt5xs2sBLudwt7SZM14NZXN2yNd,jcb
189,etsar58@ovh.net,Netherlands,1PktCHyic9G4aZu15Dd3N1PUf45wW4MmFs,jcb
194,igreated5d@live.com,Netherlands,12KTfvJwTfnJn3dFtZ8KaLycn5noXetTFo,jcb
239,hgolley6m@nydailynews.com,Netherlands,19KrAve717pGFqYLiQvw63yV3Ar6XabJhD,mastercard
248,mbrewer6v@facebook.com,Netherlands,16WS73NGVmHfpuWqPkEjN9pirzG9qkgvPJ,americanexpress
255,jknowler72@nba.com,Netherlands,1JtjCw3Nj42ZPgeFkgFJAPcVCyvt4sMLPh,jcb
293,lropartz84@meetup.com,Netherlands,1PJgSoTde2rSpfYRYpied1y35KVke7kvXo,jcb
296,hmcpake87@bravesites.com,Netherlands,1A3rYCZeBfy1V1W3ypcfVdZm6TCU3TFkLv,jcb
299,cantunez8a@booking.com,Netherlands,1C74dmFYGZiSzsZH6Lw41bWCu8U3mTvcth,diners-club-carte-blanche
326,calred91@ted.com,Netherlands,16tRkPChNu4RTqJ7tkZa52os2HZvh2hjif,americanexpress
354,wochterlonie9t@ebay.com,Netherlands,16Q23WzZFnnADqSq9z2oRDJZE7SJ2bFHrS,diners-club-carte-blanche
360,bdebeauchemp9z@imageshack.us,Netherlands,1DTzwp1kZCBx9FED2678d5g5ArrefirrXW,laser
367,mmaghulla6@dmoz.org,Netherlands,1FCv1LeZu798EhajuFMZg49zb5D7KTMZWE,mastercard
379,tjahnelai@bbb.org,Netherlands,1HZN5ZVgPqK1iVLKVMxH658kZ3pBDBcEw,jcb
406,jwhitbreadb9@accuweather.com,Netherlands,1BbeY2TE3u7ARieG5FKuSZzbLFHyBkFoQF,americanexpress
436,pomannionc3@yandex.ru,Netherlands,1xVt3FxfHQvzXPhXVp6VRSEydUUVzRWK7,laser
450,awarringtonch@sogou.com,Netherlands,15wYxjYgszjPnSwa4b3nvkdLfdBMTprQ9y,mastercard
462,nfitzalanct@japanpost.jp,Netherlands,13FaRnAGPb53jC6cw4dQF5qM8XTGRWrY6s,americanexpress
467,aanderercy@ameblo.jp,Netherlands,1HHBi9Yt592V74bU5PihuSGekNhGzNGaAw,solo
486,hpechdh@blogs.com,Netherlands,1CUeR37xJkVY9jVoAh9UYJc4c85RpnNcmD,diners-club-enroute
513,fcicceralee8@vk.com,Netherlands,18zM2XeTncgJJTm14LDhWbMeUE3nvA8NoD,jcb
514,meliee9@angelfire.com,Netherlands,191c14CjzgK9DZGE9viRPMyGDqhc2oR46F,mastercard
529,chardikereo@posterous.com,Netherlands,14TyQs6ta2MhC2erewxosQTjmrvn2P4Gzo,jcb
577,ccolqueteg0@jiathis.com,Netherlands,12EgsYruxuyrwHi6bDC9FXqzGAmuUawHKH,jcb
605,kcahengs@bloglines.com,Netherlands,1EMUu7w62n5GzRTZ4ZGTUKMwLppUyrD2Pw,visa
616,dgwilth3@mapquest.com,Netherlands,1H168tEGqoEeeNDaWmNjyEiubqTz3ZdoKG,jcb
621,mhainsh8@parallels.com,Netherlands,1MdkbruxnQR61UYstTpKsoqP3fUziVQwei,switch
628,ccasseldinehf@kickstarter.com,Netherlands,14EWQTXkWhfiQKkKn5JuD5h3EqzLatXbsQ,jcb
643,penglishhu@google.com.hk,Netherlands,1BqmYwtSwbG8qWUJyqn8TQPB4pWXAx3jMa,jcb
656,gshirdi7@baidu.com,Netherlands,1PUPePBi6wUMGZomfTqcXojjwYQk7Ha2cu,mastercard
691,bkidstounj6@senate.gov,Netherlands,1BMrJy7Ac4pAyq8ciBFfGhATAgcHXaPb6P,jcb
701,nwhittersjg@networkadvertising.org,Netherlands,1Jb4hNfMJy5g4hPtT8kQQ4bbhGdwTbnmjp,jcb
711,cguesfordjq@blogs.com,Netherlands,1HsSjH6FpNqbFRckMitfzzPMvXiKHDDL3p,jcb
726,sbarltropk5@cargocollective.com,Netherlands,13LecqUHZxxptc47RXRDcvhDgQHwxqTKVV,solo
749,mbellenyks@salon.com,Netherlands,17qnQP62quZFAzU7QXFpHjMugPcFyoMXHm,bankcard
751,callibandku@scribd.com,Netherlands,16pUgN3CTqFCLB2pmBSUjoxyZEreQu4AvB,jcb
755,krangerky@apple.com,Netherlands,13MLLGGZBp6y24hg13bFA8org9qwwup2fK,americanexpress
760,sbathaml3@twitter.com,Netherlands,1PapZUVtXEaqD14JtSUhhZcPWR61aNK9kS,jcb
774,parrighettilh@sogou.com,Netherlands,1Myco7rqZBPkR5XdyfqkPot9aPPvJvFZS9,switch
785,mdenajerals@sourceforge.net,Netherlands,12N2XC2Mxzu6eLd2CTQkS8NKtdYTXvr2kS,switch
798,jhugninm5@ocn.ne.jp,Netherlands,15tgDNJrxLs78sVijcBeCriRURp24JDqB9,jcb
812,pshortenmj@vimeo.com,Netherlands,1Mr6usqpuYeS431Vzycq8GpwuMCipdP3mw,jcb
837,ydowningn8@fastcompany.com,Netherlands,1E7ZJuTeuSG8Sj4ocNWMymJLERfD1qDYA7,jcb
845,omockettng@redcross.org,Netherlands,18UeESWffKqdqg23yfZfZcYAkPVT6cmuD6,laser
862,pmazellanx@cocolog-nifty.com,Netherlands,1GcWp25A1odq7XCoG6HyiCJ2UYDREWrgVP,solo
873,lmcgillivrieo8@columbia.edu,Netherlands,1N75fjtmFdQJmMpacg4oUdt7cWYJXpdKD1,china-unionpay
881,pfenechog@de.vu,Netherlands,16y7pXoKxg3WrBumhLPq3JoTjhCNtCgEMq,solo
894,mcicconeot@mac.com,Netherlands,1HTBF19dSGssNoC8VWcv3BWbBpi7jYvEZd,switch
914,qwellesleypd@forbes.com,Netherlands,16FJCTiriaZCgyfnWCiJnua1Bka3aBjgrt,jcb
942,dcrepinq5@wisc.edu,Netherlands,1JK5tVtebu1Dd2gAXcTaS1UCB5BMGijuqa,jcb
954,rizkovitzqh@thetimes.co.uk,Netherlands,1MQGXo6xCKnPkRfTyjUyrQ2b4DtxxgoKyG,jcb
964,atartqr@miitbeian.gov.cn,Netherlands,1HWtSdZgMPTEdzHTAhmnAcFHf3MTasz7zE,diners-club-carte-blanche
981,gschurcker8@army.mil,Netherlands,19158kwDCddVMpQPUKdLz33yfks1cKbKPE,diners-club-carte-blanche
984,btodeorb@discuz.net,Netherlands,1LCEj6JuVMjBt6wstfNCofLwWgsgm99NMZ,visa-electron
